"entity_cd","year","pupil_count_tot","per_federal_exp","per_state_local_exp","per_fed_state_local_exp","num_princ","num_teach","num_counselors","num_social","per_turn_all","per_turn_five_yrs","per_free_lunch","per_reduced_lunch","ELA_per_prof.18","math_per_prof.18","entity_name","student_teacher_ratio"
" 10100010000",2021,8266,1812,20015,21827,16,645,18,31,16,31,69,0,73,70,"ALBANY CITY SD",12.815503875969
" 10201040000",2021,700,763,24521,25284,2,79,4,5,6,21,32,5,88,88,"BERNE-KNOX-WESTERLO CSD",8.86075949367089
" 10306060000",2021,4203,294,17823,18118,7,342,19,9,9,13,12,1,96,96,"BETHLEHEM CSD",12.2894736842105
" 10402060000",2021,1783,719,19621,20340,4,188,7,5,10,35,37,4,87,85,"RAVENA-COEYMANS-SELKIRK CSD",9.48404255319149
" 10500010000",2021,1823,1184,16168,17351,5,176,5,5,10,22,68,0,77,77,"COHOES CITY SD",10.3579545454545
" 10601060000",2021,4754,717,18122,18840,8,364,8,4,9,29,31,2,91,93,"SOUTH COLONIE CSD",13.0604395604396
" 10623060000",2021,5905,530,15924,16454,8,483,21,3,12,24,19,3,96,96,"NORTH COLONIE CSD",12.2256728778468
" 10701030000",2021,241,1816,22492,24308,1,36,1,2,18,50,60,3,85,75,"GREEN ISLAND UFSD",6.69444444444444
" 10802060000",2021,4811,335,17613,17948,7,425,11,8,7,18,16,1,92,94,"GUILDERLAND CSD",11.32
" 11003060000",2021,1179,565,18069,18635,4,91,4,1,8,22,10,1,95,96,"VOORHEESVILLE CSD",12.956043956044
" 11200010000",2021,1334,953,12390,13344,2,102,6,3,6,14,57,3,76,83,"WATERVLIET CITY SD",13.078431372549
" 20101040000",2021,575,649,18795,19444,2,55,2,0,14,15,27,1,94,94,"ALFRED-ALMOND CSD",10.4545454545455
" 20601040000",2021,258,2069,25525,27594,1,23,1,1,19,20,40,7,5,91,"ANDOVER CSD",11.2173913043478
" 20702040000",2021,525,1391,23591,24983,2,55,2,1,11,18,49,5,90,87,"GENESEE VALLEY CSD ",9.54545454545454
" 20801040000",2021,338,2876,19582,22459,2,35,1,0,10,18,53,4,89,95,"BELFAST CSD",9.65714285714286
" 21102040000",2021,197,1451,26341,27792,1,26,1,0,19,14,34,4,72,72,"CANASERAGA CSD",7.57692307692308
" 21601040000",2021,282,3781,29227,33008,1,33,2,0,10,11,68,3,83,78,"FRIENDSHIP CSD",8.54545454545454
" 22001040000",2021,652,843,16863,17705,2,58,1,1,5,20,51,8,94,90,"FILLMORE CSD",11.2413793103448
" 22101040000",2021,167,1141,24112,25252,1,21,1,0,27,10,44,8,82,88,"WHITESVILLE CSD",7.95238095238095
" 22302040000",2021,775,1438,19730,21168,2,78,3,0,12,9,47,9,82,86,"CUBA-RUSHFORD CSD",9.93589743589744
" 22401040000",2021,300,1573,25856,27429,1,29,1,0,15,20,50,2,78,84,"SCIO CSD",10.3448275862069
" 22601060000",2021,1109,1530,18612,20143,2,104,4,3,10,14,49,2,86,87,"WELLSVILLE CSD",10.6634615384615
" 22902040000",2021,686,1052,22183,23235,2,67,3,1,9,18,52,0,87,87,"BOLIVAR-RICHBURG CSD",10.2388059701493
" 30101060000",2021,1359,701,17951,18652,2,112,4,1,6,15,33,4,96,95,"CHENANGO FORKS CSD",12.1339285714286
" 30200010000",2021,4818,2525,18133,20659,9,513,12,12,10,23,74,0,64,69,"BINGHAMTON CITY SD",9.39181286549708
" 30501040000",2021,629,1546,21658,23204,2,65,3,1,3,13,59,1,66,69,"HARPURSVILLE CSD",9.67692307692308
" 30601060000",2021,1361,802,21636,22437,4,125,3,4,8,0,45,6,83,88,"SUSQUEHANNA VALLEY CSD",10.888
" 30701060000",2021,1614,840,18012,18852,4,120,7,4,11,30,37,3,87,90,"CHENANGO VALLEY CSD",13.45
" 31101060000",2021,2455,470,15569,16039,4,167,7,3,11,21,34,3,88,91,"MAINE-ENDWELL CSD",14.7005988023952
" 31301040000",2021,469,1190,27846,29036,3,51,2,2,4,11,51,2,88,91,"DEPOSIT CSD",9.19607843137255
" 31401060000",2021,1408,1156,18488,19644,2,133,5,3,13,7,48,5,83,89,"WHITNEY POINT CSD",10.5864661654135
" 31501060000",2021,3464,1345,18352,19697,7,299,8,8,5,6,48,3,82,83,"UNION-ENDICOTT CSD",11.5852842809365
" 31502060000",2021,2196,1045,18114,19159,3,191,5,6,7,6,59,3,84,89,"JOHNSON CITY CSD",11.4973821989529
" 31601060000",2021,3195,444,18612,19057,6,285,12,2,11,32,25,3,92,93,"VESTAL CSD",11.2105263157895
" 31701060000",2021,1589,575,19468,20043,5,140,8,0,8,8,42,6,94,96,"WINDSOR CSD",11.35
" 40204040000",2021,198,1580,35423,37004,1,31,1,0,16,0,37,0,93,86,"WEST VALLEY CSD",6.38709677419355
" 40302060000",2021,1066,572,17045,17617,3,98,5,0,8,18,37,2,94,96,"ALLEGANY-LIMESTONE CSD",10.8775510204082
" 40901040000",2021,608,571,17019,17590,2,51,2,0,6,0,29,4,95,92,"ELLICOTTVILLE CSD",11.921568627451
" 41101040000",2021,605,1696,24999,26695,2,69,3,0,4,0,44,2,91,98,"FRANKLINVILLE CSD",8.76811594202899
" 41401040000",2021,380,849,21278,22127,1,37,2,1,12,20,52,3,92,92,"HINSDALE CSD",10.2702702702703
" 42302040000",2021,868,1091,19418,20509,3,86,4,0,11,19,48,3,96,94,"CATTARAUGUS-LITTLE VALLEY CSD",10.093023255814
" 42400010000",2021,1929,1731,17809,19540,5,170,10,0,5,28,53,0,81,84,"OLEAN CITY SD",11.3470588235294
" 42801060000",2021,1004,1231,23459,24690,3,118,5,4,10,27,49,7,82,89,"GOWANDA CSD",8.50847457627119
" 42901040000",2021,968,626,14795,15421,2,67,3,0,11,11,34,6,89,90,"PORTVILLE CSD",14.4477611940299
" 43001040000",2021,874,1112,17255,18367,2,75,3,0,9,33,42,6,90,93,"RANDOLPH CSD",11.6533333333333
" 43200050000",2021,1282,1333,23631,24964,3,139,5,5,4,7,56,2,67,68,"SALAMANCA CITY SD",9.22302158273381
" 43501060000",2021,2238,1138,17545,18684,4,217,6,2,6,21,44,7,88,93,"YORKSHIRE-PIONEER CSD",10.3133640552995
" 50100010000",2021,3956,1093,15547,16640,7,326,8,6,9,14,54,1,71,76,"AUBURN CITY SD",12.1349693251534
" 50301040000",2021,747,798,19868,20666,2,67,3,0,13,36,28,2,90,95,"WEEDSPORT CSD",11.1492537313433
" 50401040000",2021,887,890,16479,17369,2,72,3,0,19,27,40,4,91,86,"CATO-MERIDIAN CSD",12.3194444444444
" 50701040000",2021,659,1850,18922,20773,2,60,3,0,7,7,43,3,79,81,"SOUTHERN CAYUGA CSD",10.9833333333333
" 51101040000",2021,748,1027,19024,20050,2,51,3,0,12,33,44,1,77,78,"PORT BYRON CSD",14.6666666666667
" 51301040000",2021,871,912,19016,19928,2,72,2,0,14,15,43,1,91,93,"MORAVIA CSD",12.0972222222222
" 51901040000",2021,775,650,18180,18830,2,72,3,0,12,40,37,3,82,84,"UNION SPRINGS CSD",10.7638888888889
" 60201060000",2021,1316,758,15690,16448,3,112,4,0,9,33,35,2,90,96,"SOUTHWESTERN CSD AT JAMESTOWN",11.75
" 60301040000",2021,761,1066,16571,17637,2,69,3,0,3,0,41,3,92,92,"FREWSBURG CSD",11.0289855072464
" 60401040000",2021,808,1360,18889,20249,2,64,2,2,14,27,55,4,85,87,"CASSADAGA VALLEY CSD",12.625
" 60503040000",2021,716,1171,22762,23934,2,83,4,0,6,16,35,7,83,83,"CHAUTAUQUA LAKE CSD",8.62650602409639
" 60601040000",2021,466,1357,23415,24772,3,58,3,1,21,21,55,6,66,66,"PINE VALLEY CSD (SOUTH DAYTON)",8.03448275862069
" 60701040000",2021,382,1118,22946,24063,3,46,1,0,9,17,27,8,89,95,"CLYMER CSD",8.30434782608696
" 61001040000",2021,646,701,16912,17613,2,65,3,0,15,40,28,2,98,100,"BEMUS POINT CSD",9.93846153846154
" 61101040000",2021,1148,1069,15536,16605,4,97,4,1,9,20,43,6,88,92,"FALCONER CSD",11.8350515463918
" 61501040000",2021,1010,816,19748,20564,3,104,5,2,8,55,52,5,87,91,"SILVER CREEK CSD",9.71153846153846
" 61503040000",2021,418,1160,18133,19292,2,45,2,0,13,25,40,6,79,88,"FORESTVILLE CSD",9.28888888888889
" 61601040000",2021,436,1485,22125,23610,2,51,1,1,6,0,38,3,96,98,"PANAMA CSD",8.54901960784314
" 61700010000",2021,4574,1323,13620,14943,10,407,18,0,9,21,74,0,74,78,"JAMESTOWN CITY SD",11.2383292383292
" 62201060000",2021,1424,821,17057,17878,4,150,4,1,4,5,36,3,89,93,"FREDONIA CSD",9.49333333333333
" 62301040000",2021,523,1977,20621,22598,2,54,1,2,5,0,60,6,82,84,"BROCTON CSD",9.68518518518519
" 62601040000",2021,432,1702,18505,20207,1,43,2,0,2,0,54,2,98,96,"SHERMAN CSD",10.046511627907
" 62901040000",2021,634,2092,27712,29804,2,69,0,1,10,8,54,3,92,90,"WESTFIELD CSD",9.18840579710145
" 70600010000",2021,5599,1315,17423,18738,13,350,18,3,8,14,62,0,63,66,"ELMIRA CITY SD",15.9971428571429
" 70901060000",2021,3805,661,16846,17508,7,292,7,5,9,19,29,3,90,92,"HORSEHEADS CSD",13.0308219178082
" 70902060000",2021,1001,1093,17391,18484,4,89,3,0,6,0,47,6,75,84,"ELMIRA HEIGHTS CSD",11.247191011236
" 80101040000",2021,481,1938,24549,26486,2,59,4,0,16,33,56,0,88,90,"AFTON CSD",8.15254237288136
" 80201040000",2021,782,725,18233,18958,3,70,4,2,12,13,48,6,97,96,"BAINBRIDGE-GUILFORD CSD",11.1714285714286
" 80601040000",2021,912,1434,20239,21673,4,86,5,0,6,10,41,9,82,84,"GREENE CSD",10.6046511627907
" 81003040000",2021,795,923,19745,20668,2,65,3,1,15,36,47,1,82,88,"UNADILLA VALLEY CSD",12.2307692307692
" 81200050000",2021,1674,882,16905,17786,4,134,7,2,11,56,52,3,77,80,"NORWICH CITY SD",12.4925373134328
" 81401040000",2021,304,1151,28086,29237,1,25,2,0,22,33,47,3,96,81,"GEORGETOWN-SOUTH OTSELIC CSD",12.16
" 82001040000",2021,1295,869,20667,21536,NA,NA,NA,NA,NA,NA,53,4,86,91,"SHERBURNE-EARLVILLE CSD",NA
" 90201040000",2021,1139,1123,22872,23995,4,96,6,0,1,0,44,7,73,72,"AUSABLE VALLEY CSD",11.8645833333333
" 90301060000",2021,2017,619,15929,16548,4,167,9,0,12,57,45,2,83,85,"BEEKMANTOWN CSD",12.0778443113772
" 90501040000",2021,1210,805,21276,22081,4,110,6,0,6,15,42,4,85,89,"NORTHEASTERN CLINTON CSD",11
" 90601020000",2021,420,804,20479,21283,2,45,1,0,0,0,26,2,87,94,"CHAZY UFSD",9.33333333333333
" 90901040000",2021,764,1071,26321,27392,3,83,3,0,5,0,39,1,90,93,"NORTHERN ADIRONDACK CSD",9.20481927710843
" 91101060000",2021,1841,685,20669,21354,4,164,9,0,8,29,38,4,85,89,"PERU CSD",11.2256097560976
" 91402060000",2021,1482,1030,18692,19722,5,126,7,0,5,0,34,2,89,86,"SARANAC CSD",11.7619047619048
"100501040000",2021,1190,1289,23456,24746,3,120,4,3,10,0,32,0,78,82,"TACONIC HILLS CSD",9.91666666666667
"100902040000",2021,519,1282,21443,22726,2,48,2,1,13,33,38,3,80,78,"GERMANTOWN CSD",10.8125
"101001040000",2021,919,744,26058,26802,3,102,4,2,10,21,34,4,90,93,"CHATHAM CSD",9.00980392156863
"101300010000",2021,1619,1714,23531,25245,3,168,3,5,3,6,70,0,83,72,"HUDSON CITY SD",9.63690476190476
"101401040000",2021,1620,573,22444,23017,4,170,7,0,7,26,31,3,90,95,"KINDERHOOK CSD",9.52941176470588
"101601040000",2021,393,976,25840,26816,2,53,1,0,9,14,44,4,83,90,"NEW LEBANON CSD",7.41509433962264
"110101040000",2021,533,1543,23144,24687,2,61,2,2,9,25,46,6,80,86,"CINCINNATUS CSD",8.73770491803279
"110200010000",2021,1999,1743,17758,19501,7,196,6,6,14,12,62,0,77,83,"CORTLAND CITY SD",10.1989795918367
"110304040000",2021,534,899,18042,18941,2,53,3,0,9,25,45,0,76,78,"MCGRAW CSD",10.0754716981132
"110701060000",2021,1853,638,18507,19145,4,165,5,4,6,4,37,4,87,90,"HOMER CSD",11.230303030303
"110901040000",2021,637,858,24106,24965,2,73,2,3,4,9,49,2,86,83,"MARATHON CSD",8.72602739726027
"120102040000",2021,61,1594,49421,51015,1,17,1,0,0,0,30,0,67,67,"ANDES CSD",3.58823529411765
"120301040000",2021,237,2549,30389,32938,1,38,1,0,3,0,39,1,89,95,"DOWNSVILLE CSD",6.23684210526316
"120401040000",2021,387,2285,20821,23105,0,42,2,0,8,13,53,2,90,90,"CHARLOTTE VALLEY CSD",9.21428571428571
"120501040000",2021,715,0,22435,22435,2,59,4,0,8,10,33,4,84,79,"DELAWARE ACADEMY CSD AT DELHI",12.1186440677966
"120701040000",2021,234,1376,24755,26131,1,28,1,1,4,0,46,1,100,100,"FRANKLIN CSD",8.35714285714286
"120906040000",2021,309,1445,28240,29685,1,39,2,0,8,25,43,5,86,86,"HANCOCK CSD",7.92307692307692
"121401040000",2021,331,1240,24150,25390,1,42,2,0,13,20,51,2,86,81,"MARGARETVILLE CSD",7.88095238095238
"121502040000",2021,250,4812,27113,31925,1,35,1,0,11,14,36,0,100,100,"ROXBURY CSD",7.14285714285714
"121601060000",2021,1037,804,19448,20252,2,86,5,1,8,5,49,0,88,91,"SIDNEY CSD",12.0581395348837
"121701040000",2021,250,1715,27975,29690,1,28,2,0,14,0,43,8,90,85,"STAMFORD CSD",8.92857142857143
"121702040000",2021,307,1480,21266,22746,2,34,2,0,9,0,35,8,81,91,"SOUTH KORTRIGHT CSD",9.02941176470588
"121901040000",2021,841,2317,18989,21306,3,77,4,0,3,0,39,1,80,81,"WALTON CSD",10.9220779220779
"130200010000",2021,2666,1159,21388,22547,6,253,6,7,7,10,38,6,82,81,"BEACON CITY SD",10.5375494071146
"130502020000",2021,1323,964,21317,22281,5,112,5,1,8,5,52,6,79,83,"DOVER UFSD",11.8125
"130801060000",2021,3302,619,23628,24247,7,285,8,7,8,17,42,6,84,87,"HYDE PARK CSD",11.5859649122807
" 91200010000",2021,1778,938,21599,22537,6,182,8,0,10,14,40,2,79,84,"PLATTSBURGH CITY SD",9.76923076923077
"141601060000",2021,3350,1413,16590,18003,5,289,9,4,6,29,19,4,94,95,"HAMBURG CSD",11.5916955017301
"141604060000",2021,4588,623,14743,15366,6,331,10,6,14,17,28,4,91,94,"FRONTIER CSD",13.8610271903323
"141701040000",2021,790,889,19705,20594,3,79,2,1,10,23,31,5,94,93,"HOLLAND CSD",10
"141800010000",2021,1865,2183,17643,19827,4,155,5,5,7,40,78,3,74,73,"LACKAWANNA CITY SD",12.0322580645161
"141901060000",2021,5427,387,14977,15363,6,416,11,8,5,12,20,2,95,96,"LANCASTER CSD",13.0456730769231
"142101040000",2021,1262,1414,17728,19143,3,116,4,2,8,0,38,4,90,94,"AKRON CSD",10.8793103448276
"142201040000",2021,538,1587,19303,20890,2,55,3,0,26,50,33,3,89,91,"NORTH COLLINS CSD",9.78181818181818
"142301060000",2021,4605,560,18737,19296,6,413,12,9,4,5,12,1,94,94,"ORCHARD PARK CSD",11.1501210653753
"142500010000",2021,1712,801,15622,16423,5,152,6,4,11,28,46,5,90,90,"TONAWANDA CITY SD",11.2631578947368
"142801060000",2021,6055,439,17270,17709,9,495,15,9,3,10,35,4,90,92,"WEST SENECA CSD",12.2323232323232
"150203040000",2021,321,906,17284,18191,1,23,2,0,15,0,39,15,100,87,"CROWN POINT CSD",13.9565217391304
"150601040000",2021,156,360,34283,34643,NA,NA,NA,NA,NA,NA,24,11,100,100,"KEENE CSD",NA
"150801040000",2021,112,1346,41110,42456,2,22,1,0,24,20,59,5,86,86,"MINERVA CSD",5.09090909090909
"150901040000",2021,707,1027,19831,20858,2,72,1,0,4,13,45,2,91,86,"MORIAH CSD",9.81944444444444
"151001040000",2021,74,1292,58283,59575,1,18,1,0,12,50,21,1,88,100,"NEWCOMB CSD",4.11111111111111
"151102040000",2021,561,744,29158,29902,2,82,3,0,7,8,32,6,96,93,"LAKE PLACID CSD",6.84146341463415
"151401040000",2021,208,1218,29554,30771,1,29,1,0,8,33,50,4,95,95,"SCHROON LAKE CSD",7.17241379310345
"151501060000",2021,724,3445,19093,22538,1,59,3,2,20,67,50,8,82,93,"TICONDEROGA CSD",12.271186440678
"151701040000",2021,245,1202,25447,26649,1,23,1,0,33,60,44,7,95,95,"WILLSBORO CSD",10.6521739130435
"160101060000",2021,742,731,21445,22176,2,64,3,1,19,33,44,8,89,92,"TUPPER LAKE CSD",11.59375
"160801040000",2021,503,1834,18856,20690,2,51,2,0,8,17,42,5,88,94,"CHATEAUGAY CSD",9.86274509803922
"161201040000",2021,1401,1581,24502,26083,4,150,9,0,14,21,66,5,86,86,"SALMON RIVER CSD",9.34
"161401060000",2021,1090,1660,23421,25080,4,101,6,1,14,26,40,3,88,89,"SARANAC LAKE CSD",10.7920792079208
"161501060000",2021,2218,1006,20017,21023,5,208,8,1,4,3,48,5,82,83,"MALONE CSD",10.6634615384615
"161601040000",2021,762,1831,17634,19465,2,70,4,0,8,23,54,7,91,86,"BRUSHTON-MOIRA CSD",10.8857142857143
"161801040000",2021,252,1665,27600,29264,2,33,0,0,21,50,56,3,78,78,"ST REGIS FALLS CSD",7.63636363636364
"170500010000",2021,2433,1346,18396,19741,5,225,9,4,11,18,71,0,70,75,"GLOVERSVILLE CITY SD",10.8133333333333
"461801040000",2021,943,916,20539,21455,2,83,2,0,5,25,48,3,83,90,"PULASKI CSD",11.3614457831325
"461901040000",2021,715,665,34043,34707,3,69,2,1,12,18,46,4,83,85,"SANDY CREEK CSD",10.3623188405797
"462001060000",2021,1666,976,20602,21578,2,148,4,2,3,10,49,4,90,90,"PHOENIX CSD",11.2567567567568
"470202040000",2021,310,1321,22742,24063,1,27,2,0,21,33,55,10,86,91,"GILBERTSVILLE-MOUNT UPTON CSD",11.4814814814815
"470501040000",2021,341,964,23205,24169,1,41,2,0,9,13,38,7,87,90,"EDMESTON CSD",8.31707317073171
"470801040000",2021,286,2039,22688,24728,1,34,2,1,9,0,62,7,88,94,"LAURENS CSD",8.41176470588235
"470901040000",2021,287,1294,22004,23298,1,25,3,1,19,0,43,7,89,95,"SCHENEVUS CSD",11.48
"471101040000",2021,347,914,23520,24434,1,40,3,0,8,14,38,5,87,95,"MILFORD CSD",8.675
"280521030000",2021,2913,261,27090,27351,5,261,8,2,6,8,12,2,96,98,"BETHPAGE UFSD",11.1609195402299
"280522030000",2021,5314,1002,26960,27961,6,501,14,6,9,9,4,1,90,91,"FARMINGDALE UFSD",10.6067864271457
"280523030000",2021,6548,318,26875,27193,9,683,22,4,9,32,7,1,95,96,"MASSAPEQUA UFSD",9.58711566617862
"170600010000",2021,1429,916,17869,18785,3,108,4,1,8,0,42,5,76,75,"JOHNSTOWN CITY SD",13.2314814814815
"170801040000",2021,856,1216,18479,19695,2,74,3,1,8,0,43,6,91,89,"MAYFIELD CSD",11.5675675675676
"170901040000",2021,417,1058,21056,22115,3,45,1,0,0,0,42,5,94,94,"NORTHVILLE CSD",9.26666666666667
"171102040000",2021,1728,513,16327,16839,2,134,5,3,14,26,35,4,89,90,"BROADALBIN-PERTH CSD",12.8955223880597
"180202040000",2021,737,839,19275,20114,1,78,2,0,5,10,28,4,87,90,"ALEXANDER CSD",9.44871794871795
"180300010000",2021,2183,1010,18153,19163,4,217,12,1,16,39,55,1,84,86,"BATAVIA CITY SD",10.0599078341014
"180701040000",2021,810,1554,19083,20638,2,86,4,1,9,17,34,9,87,92,"BYRON-BERGEN CSD",9.41860465116279
"180901040000",2021,402,526,19413,19939,2,50,2,0,24,58,32,6,100,97,"ELBA CSD",8.04
"181001060000",2021,1151,715,16615,17329,2,106,5,1,5,8,34,4,93,91,"LE ROY CSD",10.8584905660377
"181101040000",2021,776,608,19021,19629,2,77,4,0,8,9,41,10,88,91,"OAKFIELD-ALABAMA CSD",10.0779220779221
"181201040000",2021,656,1194,20100,21295,2,84,2,2,13,29,32,10,90,87,"PAVILION CSD",7.80952380952381
"181302040000",2021,893,773,19476,20249,3,89,5,0,16,20,37,3,93,97,"PEMBROKE CSD",10.0337078651685
"190301040000",2021,1107,1299,21689,22988,4,123,4,2,10,25,54,2,78,87,"CAIRO-DURHAM CSD",9
"190401060000",2021,1320,1021,23432,24453,2,122,4,4,5,6,51,0,81,84,"CATSKILL CSD",10.8196721311475
"280251070000",2021,4645,441,21434,21875,4,375,21,6,5,15,31,4,94,95,"VALLEY STREAM CENTRAL HS DISTRICT",12.3866666666667
"280252070000",2021,8003,591,21225,21816,5,617,36,7,4,6,22,2,94,95,"SEWANHAKA CENTRAL HS DISTRICT",12.9708265802269
"280253070000",2021,5183,536,26101,26637,5,469,34,7,5,10,9,2,96,96,"BELLMORE-MERRICK CENTRAL HS DISTRICT",11.0511727078891
"131101040000",2021,612,1602,26900,28502,3,67,2,3,5,17,46,3,76,78,"NORTHEAST CSD",9.13432835820896
"131201040000",2021,1093,789,27076,27865,3,94,3,1,8,11,27,4,91,92,"PAWLING CSD",11.6276595744681
"141101060000",2021,1523,718,19278,19996,4,132,6,2,7,0,32,5,91,88,"SPRINGVILLE-GRIFFITH INST CSD",11.5378787878788
"141201060000",2021,1310,454,17704,18158,4,122,4,2,9,11,22,1,93,94,"EDEN CSD",10.7377049180328
"141301060000",2021,2053,416,21168,21584,5,201,8,3,7,25,17,2,96,95,"IROQUOIS CSD",10.2139303482587
"141401060000",2021,2091,815,21138,21953,6,176,9,2,7,13,45,6,90,91,"EVANS-BRANT CSD (LAKE SHORE)",11.8806818181818
"141501060000",2021,2799,531,17403,17934,3,239,7,3,10,26,20,4,93,92,"GRAND ISLAND CSD",11.7112970711297
"140207060000",2021,3275,803,19824,20627,6,300,14,0,5,14,42,0,92,93,"SWEET HOME CSD",10.9166666666667
"140301030000",2021,1700,608,15947,16555,3,135,5,2,10,20,11,1,92,94,"EAST AURORA UFSD",12.5925925925926
"140600010000",2021,30642,2451,17966,20417,63,3108,82,80,8,16,80,0,66,66,"BUFFALO CITY SD",9.85907335907336
"280404030000",2021,5259,421,27053,27474,7,475,21,3,7,14,19,2,90,93,"PORT WASHINGTON UFSD",11.0715789473684
"280406030000",2021,3025,288,28554,28842,3,262,12,3,11,21,7,1,97,98,"MANHASSET UFSD",11.5458015267176
"280407030000",2021,6799,894,29248,30142,10,692,20,7,9,24,16,2,94,96,"GREAT NECK UFSD",9.82514450867052
"280409030000",2021,4028,331,26869,27200,5,378,11,6,6,3,13,2,98,98,"HERRICKS UFSD",10.6560846560847
"280410030000",2021,2881,652,28538,29190,5,247,5,3,13,10,31,3,92,94,"MINEOLA UFSD",11.663967611336
"280411030000",2021,1309,528,34239,34767,3,147,6,1,5,0,13,2,92,95,"CARLE PLACE UFSD",8.9047619047619
"280501060000",2021,2509,93,40484,40577,5,308,9,6,9,18,9,1,96,96,"NORTH SHORE CSD",8.1461038961039
"261501060000",2021,3667,525,16218,16743,5,299,12,3,10,14,27,4,92,93,"CHURCHVILLE-CHILI CSD",12.2642140468227
"261600010000",2021,24364,2020,17932,19952,47,2211,75,93,17,35,89,0,59,61,"ROCHESTER CITY SD",11.0194482134781
"280215030000",2021,2336,637,27952,28589,3,186,9,2,14,62,70,5,81,81,"LAWRENCE UFSD",12.5591397849462
"280218030000",2021,3914,259,24394,24653,7,309,9,4,8,24,2,0,98,98,"GARDEN CITY UFSD",12.6666666666667
"280219030000",2021,1125,399,28990,29389,3,111,4,4,2,0,25,2,95,90,"EAST ROCKAWAY UFSD",10.1351351351351
"280220030000",2021,2759,286,27315,27601,6,292,8,6,7,14,14,1,95,97,"LYNBROOK UFSD",9.4486301369863
"280221030000",2021,3501,454,29560,30015,7,327,10,7,7,18,12,0,98,97,"ROCKVILLE CENTRE UFSD",10.7064220183486
"280506060000",2021,1503,389,33749,34137,3,147,5,6,9,14,24,2,92,90,"OYSTER BAY-EAST NORWICH CSD",10.2244897959184
"280515030000",2021,3138,524,33844,34367,6,281,9,2,10,19,11,0,100,99,"JERICHO UFSD",11.1672597864769
"280517030000",2021,5175,532,22674,23206,9,437,14,8,6,21,34,2,90,91,"HICKSVILLE UFSD",11.8421052631579
"280518030000",2021,2761,912,27971,28883,5,264,7,2,6,20,9,1,94,96,"PLAINEDGE UFSD",10.4583333333333
"140701060000",2021,2202,1598,15415,17013,3,179,8,4,9,40,61,2,80,81,"CHEEKTOWAGA CSD",12.3016759776536
"140702030000",2021,2111,1034,15700,16734,5,166,5,2,8,36,39,3,85,89,"CHEEKTOWAGA-MARYVALE UFSD",12.7168674698795
"140703020000",2021,1291,1238,16995,18233,4,133,6,2,9,36,53,5,81,89,"CLEVELAND HILL UFSD",9.70676691729323
"140707030000",2021,1759,662,17012,17674,3,157,9,0,1,0,42,6,94,92,"DEPEW UFSD",11.203821656051
"140709030000",2021,1234,909,19038,19947,3,112,3,3,9,7,45,3,90,86,"CHEEKTOWAGA-SLOAN UFSD",11.0178571428571
"140801060000",2021,4062,468,16268,16736,6,339,7,1,5,9,12,1,95,96,"CLARENCE CSD",11.9823008849558
"400400010000",2021,4179,1086,17787,18872,7,336,18,4,8,11,52,6,85,84,"LOCKPORT CITY SD",12.4375
"400601060000",2021,1305,696,20794,21490,5,107,6,0,10,30,36,7,89,88,"NEWFANE CSD",12.196261682243
"400701060000",2021,3314,704,18613,19316,6,261,13,3,7,15,34,3,90,92,"NIAGARA-WHEATFIELD CSD",12.6973180076628
"400800010000",2021,6813,1938,15382,17321,12,365,24,7,10,4,76,4,68,70,"NIAGARA FALLS CITY SD",18.6657534246575
"400900010000",2021,3101,861,17550,18412,6,278,11,10,8,9,38,4,81,88,"NORTH TONAWANDA CITY SD",11.1546762589928
"401001060000",2021,2927,251,15144,15395,4,229,9,3,8,36,13,2,93,94,"STARPOINT CSD",12.7816593886463
"401201060000",2021,1197,688,16780,17468,3,88,4,0,11,40,33,2,89,93,"ROYALTON-HARTLAND CSD",13.6022727272727
"401301040000",2021,690,798,20480,21277,1,61,3,0,8,17,45,5,88,97,"BARKER CSD",11.3114754098361
"401501060000",2021,1017,795,19628,20423,3,87,4,0,7,8,32,8,86,91,"WILSON CSD",11.6896551724138
"410401060000",2021,1161,650,18648,19298,4,89,6,0,9,22,50,6,94,93,"ADIRONDACK CSD",13.0449438202247
"410601040000",2021,1992,1017,19664,20680,4,161,5,6,5,0,53,6,84,86,"CAMDEN CSD",12.3726708074534
"411101060000",2021,1244,574,17645,18219,3,96,3,4,3,25,24,2,94,97,"CLINTON CSD",12.9583333333333
"411501060000",2021,2464,532,18939,19471,6,212,6,4,5,27,13,2,95,97,"NEW HARTFORD CSD",11.622641509434
"471201040000",2021,307,2405,23053,25457,1,40,2,0,6,14,44,4,73,83,"MORRIS CSD",7.675
"471400010000",2021,1636,1036,19415,20451,4,153,8,1,9,0,38,3,80,84,"ONEONTA CITY SD",10.6928104575163
"471601040000",2021,723,689,19888,20577,3,65,4,0,6,0,39,3,84,83,"OTEGO-UNADILLA CSD",11.1230769230769
"471701040000",2021,784,590,18387,18977,3,60,4,1,15,40,24,3,94,94,"COOPERSTOWN CSD",13.0666666666667
"472001040000",2021,405,0,24397,24397,3,53,2,0,2,10,49,9,74,74,"RICHFIELD SPRINGS CSD",7.64150943396226
"472202040000",2021,416,1201,24839,26039,2,45,0,0,13,14,41,6,77,77,"CHERRY VALLEY-SPRINGFIELD CSD",9.24444444444444
"472506040000",2021,309,2821,20697,23518,2,33,2,0,14,0,46,7,90,93,"WORCESTER CSD",9.36363636363636
"480101060000",2021,3840,534,27077,27611,4,371,10,6,5,15,18,2,93,96,"MAHOPAC CSD",10.3504043126685
"260501060000",2021,10377,1126,16669,17796,18,849,42,13,8,20,53,5,80,90,"GREECE CSD",12.2226148409894
"280211030000",2021,5435,486,24835,25321,10,479,1,10,9,22,15,2,92,93,"OCEANSIDE UFSD",11.3465553235908
"280212030000",2021,1699,805,26208,27014,4,155,5,3,7,14,36,7,92,95,"MALVERNE UFSD",10.9612903225806
"280214030000",2021,2919,296,33939,34235,5,307,11,6,8,22,22,3,96,96,"HEWLETT-WOODMERE UFSD",9.50814332247557
"280223030000",2021,2755,316,25030,25346,5,266,11,2,11,27,5,0,97,98,"WANTAGH UFSD",10.3571428571429
"280226030000",2021,2161,930,24681,25611,4,186,8,0,9,45,23,4,93,95,"ISLAND TREES UFSD",11.6182795698925
"280227030000",2021,1693,583,28443,29026,5,151,6,4,13,24,41,6,96,92,"WEST HEMPSTEAD UFSD",11.2119205298013
"280300010000",2021,3654,1169,31149,32318,6,388,13,10,12,21,25,0,94,93,"LONG BEACH CITY SD",9.41752577319588
"280401030000",2021,4831,558,25889,26446,6,353,13,4,10,17,61,0,77,78,"WESTBURY UFSD",13.685552407932
"280402030000",2021,1649,544,33080,33624,3,194,6,3,13,14,8,0,98,98,"EAST WILLISTON UFSD",8.5
"280403030000",2021,3192,226,29772,29999,6,275,12,5,9,33,11,1,97,98,"ROSLYN UFSD",11.6072727272727
"132201040000",2021,834,3668,24650,28317,4,85,3,0,3,0,24,2,86,87,"MILLBROOK CSD",9.81176470588235
"140101060000",2021,1476,762,17315,18077,4,115,6,1,10,40,23,5,91,95,"ALDEN CSD",12.8347826086957
"140201060000",2021,2931,630,16765,17394,4,257,8,4,5,27,31,2,90,93,"AMHERST CSD",11.4046692607004
"140203060000",2021,9584,661,16981,17642,14,831,29,15,7,19,15,2,96,97,"WILLIAMSVILLE CSD",11.5330926594464
"260801060000",2021,2840,779,21643,22422,6,288,10,7,8,7,58,6,85,90,"EAST IRONDEQUOIT CSD",9.86111111111111
"260803060000",2021,3576,527,17863,18390,8,300,17,6,10,17,29,2,94,95,"WEST IRONDEQUOIT CSD",11.92
"421601060000",2021,1265,434,20346,20781,4,117,6,1,5,15,10,1,95,95,"SKANEATELES CSD",10.8119658119658
"421800010000",2021,19099,2260,17406,19667,31,1578,46,56,12,20,82,0,61,64,"SYRACUSE CITY SD",12.1032953105196
"421902040000",2021,738,524,21072,21595,2,77,2,1,8,14,31,3,94,98,"TULLY CSD",9.58441558441558
"430300050000",2021,3277,657,17849,18506,4,311,11,4,7,14,33,3,89,94,"CANANDAIGUA CITY SD",10.5369774919614
"610801040000",2021,1185,533,20563,21096,3,107,3,1,12,18,28,1,88,89,"LANSING CSD",11.0747663551402
"610901040000",2021,701,741,23591,24332,2,73,3,3,15,24,55,6,81,81,"NEWFIELD CSD",9.6027397260274
"611001040000",2021,969,577,22480,23057,3,107,0,2,12,26,31,3,87,91,"TRUMANSBURG CSD",9.05607476635514
"620600010000",2021,6189,1163,23056,24219,8,542,18,14,8,6,54,2,77,79,"KINGSTON CITY SD",11.4188191881919
"280208030000",2021,3307,1090,21053,22143,5,245,8,4,9,12,68,2,69,64,"ROOSEVELT UFSD",13.4979591836735
"280209030000",2021,6490,878,21423,22301,8,508,12,11,11,15,63,4,84,80,"FREEPORT UFSD",12.7755905511811
"280210030000",2021,4433,508,24053,24561,8,385,11,9,8,20,31,4,94,91,"BALDWIN UFSD",11.5142857142857
"480102060000",2021,3816,889,28341,29229,5,332,11,5,6,18,27,3,94,96,"CARMEL CSD",11.4939759036145
"480401040000",2021,788,409,26494,26903,3,80,2,2,7,25,13,2,96,94,"HALDANE CSD",9.85
"480503040000",2021,1616,478,25438,25916,3,122,5,2,7,9,19,2,89,95,"PUTNAM VALLEY CSD",13.2459016393443
"490101040000",2021,637,682,27160,27842,2,82,3,1,13,20,40,6,79,79,"BERLIN CSD",7.76829268292683
"490202040000",2021,1112,473,17908,18381,2,110,3,2,10,22,28,4,88,93,"BRUNSWICK CSD (BRITTONKILL)",10.1090909090909
"490301060000",2021,4018,438,17639,18076,7,347,9,7,8,23,21,2,95,94,"EAST GREENBUSH CSD",11.5792507204611
"490501060000",2021,1044,1148,16880,18027,2,84,4,0,11,43,43,7,88,86,"HOOSICK FALLS CSD",12.4285714285714
"491200010000",2021,1018,1554,16168,17721,1,86,1,1,12,29,57,0,85,89,"RENSSELAER CITY SD",11.8372093023256
"212001040000",2021,1039,1027,19762,20789,3,96,2,2,2,5,43,5,88,84,"MOUNT MARKHAM CSD",10.8229166666667
"280503060000",2021,1964,477,38225,38702,4,188,8,1,9,19,19,1,93,99,"LOCUST VALLEY CSD",10.4468085106383
"280504060000",2021,4972,798,27400,28199,7,516,18,7,10,33,10,1,98,99,"PLAINVIEW-OLD BETHPAGE CSD",9.63565891472868
"261201060000",2021,4453,472,17165,17638,6,382,13,2,10,24,18,1,93,97,"PENFIELD CSD",11.6570680628272
"261301060000",2021,5465,547,18317,18865,8,507,13,10,10,29,23,2,94,95,"FAIRPORT CSD",10.7790927021696
"261401060000",2021,5543,377,19993,20371,10,464,20,1,7,26,1,0,98,99,"PITTSFORD CSD",11.9461206896552
"131301040000",2021,869,695,28747,29442,3,95,3,2,9,13,38,5,82,88,"PINE PLAINS CSD",9.14736842105263
"131500010000",2021,4150,1667,18340,20007,7,316,8,6,11,27,67,1,60,60,"POUGHKEEPSIE CITY SD",13.1329113924051
"131601060000",2021,7724,540,22341,22882,12,675,23,13,7,17,25,3,90,91,"ARLINGTON CSD",11.442962962963
"131602020000",2021,1474,440,28375,28816,4,151,6,3,8,8,19,4,94,96,"SPACKENKILL UFSD",9.76158940397351
"131701060000",2021,1654,408,25887,26295,4,161,7,2,8,21,23,2,95,97,"RED HOOK CSD",10.2732919254658
"131801040000",2021,951,768,29710,30478,3,98,3,2,12,36,16,1,96,97,"RHINEBECK CSD",9.70408163265306
"132101060000",2021,10240,545,19606,20151,13,733,24,11,5,5,20,4,91,91,"WAPPINGERS CSD",13.9699863574352
"280502060000",2021,6529,256,31940,32196,11,680,20,3,8,28,8,1,96,96,"SYOSSET CSD",9.60147058823529
"212101040000",2021,2101,729,17190,17919,4,157,4,4,13,44,66,3,79,79,"CENTRAL VALLEY CSD AT ILION-MOHAWK",13.3821656050955
"220101040000",2021,1773,679,14921,15600,4,124,6,1,13,19,39,7,79,87,"SOUTH JEFFERSON CSD",14.2983870967742
"220202040000",2021,474,983,21566,22549,2,50,2,0,14,19,44,5,98,96,"ALEXANDRIA CSD",9.48
"220301060000",2021,3264,1177,19520,20696,7,295,14,3,6,7,33,14,93,93,"INDIAN RIVER CSD",11.064406779661
"220401040000",2021,1358,801,13367,14168,2,91,3,0,12,24,38,5,91,93,"GENERAL BROWN CSD",14.9230769230769
"420401060000",2021,3359,582,20309,20891,7,271,15,0,8,6,39,4,91,90,"EAST SYRACUSE MINOA CSD",12.3948339483395
"420411060000",2021,2600,695,19201,19896,5,205,9,4,4,15,22,2,94,95,"JAMESVILLE-DEWITT CSD",12.6829268292683
"420501060000",2021,1183,831,20531,21362,4,80,6,1,23,13,33,5,89,84,"JORDAN-ELBRIDGE CSD",14.7875
"420601040000",2021,595,913,23733,24647,3,66,3,1,5,14,27,6,85,87,"FABIUS-POMPEY CSD",9.01515151515152
"190501040000",2021,1188,964,21264,22228,4,115,4,2,11,33,33,1,91,93,"COXSACKIE-ATHENS CSD",10.3304347826087
"190701040000",2021,1095,1056,23089,24145,3,102,4,0,5,27,32,5,84,82,"GREENVILLE CSD",10.7352941176471
"190901040000",2021,353,1255,29296,30551,2,48,2,0,7,25,51,1,89,91,"HUNTER-TANNERSVILLE CSD",7.35416666666667
"191401040000",2021,301,927,31401,32327,0,35,2,0,8,14,38,5,86,81,"WINDHAM-ASHLAND-JEWETT CSD",8.6
"200401040000",2021,108,766,44322,45088,1,21,1,0,5,0,38,0,89,78,"INDIAN LAKE CSD",5.14285714285714
"200901040000",2021,142,874,33412,34286,1,22,1,0,4,0,35,4,84,79,"WELLS CSD",6.45454545454545
"210302040000",2021,636,910,22202,23111,2,66,3,1,9,0,39,5,81,81,"WEST CANADA VALLEY CSD",9.63636363636364
"210402060000",2021,862,1160,15943,17103,3,71,3,0,9,17,36,8,86,91,"FRANKFORT-SCHUYLER CSD",12.1408450704225
"210601060000",2021,1050,1288,16468,17756,3,86,3,2,15,24,56,8,75,83,"HERKIMER CSD",12.2093023255814
"210800050000",2021,1059,461,18953,19414,3,102,3,1,10,6,55,5,87,87,"LITTLE FALLS CITY SD",10.3823529411765
"211003040000",2021,788,1043,17889,18932,3,75,2,0,6,0,56,4,88,88,"DOLGEVILLE CSD",10.5066666666667
"211103040000",2021,490,794,23531,24324,1,50,2,1,11,38,33,11,86,90,"POLAND CSD",9.8
"211701040000",2021,166,2424,26432,28855,1,21,1,0,17,22,42,5,95,90,"VAN HORNESVILLE-OWEN D YOUNG CSD",7.9047619047619
"211901020000",2021,257,371,29592,29962,1,27,1,0,11,0,36,8,100,92,"TOWN OF WEBB UFSD",9.51851851851852
"460701040000",2021,1225,1072,19255,20327,3,101,5,1,13,16,62,2,77,83,"HANNIBAL CSD",12.1287128712871
"460801060000",2021,3534,718,17528,18246,7,268,9,1,10,17,41,3,85,85,"CENTRAL SQUARE CSD",13.1865671641791
"460901060000",2021,1942,825,21625,22450,5,172,6,4,12,28,45,4,86,88,"MEXICO CSD",11.2906976744186
"461300010000",2021,3548,1087,19591,20678,7,277,13,1,8,21,43,3,79,83,"OSWEGO CITY SD",12.8086642599278
"400301060000",2021,1860,865,18744,19609,4,144,5,3,11,29,14,2,93,97,"LEWISTON-PORTER CSD",12.9166666666667
"500304030000",2021,2724,603,26236,26839,5,267,10,4,5,13,31,1,91,89,"NYACK UFSD",10.2022471910112
"500308030000",2021,2333,585,24719,25303,5,198,6,2,3,10,13,1,98,98,"PEARL RIVER UFSD",11.7828282828283
"500401060000",2021,3943,586,28214,28800,7,362,11,4,5,15,28,1,93,92,"SUFFERN CSD ",10.8922651933702
"500402060000",2021,9225,4369,18615,22984,13,729,14,0,8,11,79,3,65,63,"EAST RAMAPO CSD (SPRING VALLEY)",12.6543209876543
"411603040000",2021,913,663,17179,17842,3,74,3,2,8,9,32,6,90,89,"SAUQUOIT VALLEY CSD",12.3378378378378
"411701040000",2021,429,735,24497,25232,2,41,1,1,14,0,47,9,87,90,"REMSEN CSD",10.4634146341463
"411800010000",2021,5323,972,17171,18142,10,412,22,2,7,24,56,4,76,78,"ROME CITY SD",12.9199029126214
"411902040000",2021,698,650,20216,20866,2,62,2,1,13,25,39,6,85,86,"WATERVILLE CSD",11.258064516129
"412000050000",2021,1822,853,16749,17602,5,148,4,5,9,7,35,5,89,90,"SHERRILL CITY SD",12.3108108108108
"412201060000",2021,1235,1076,19387,20463,4,109,3,4,12,15,34,6,90,92,"HOLLAND PATENT CSD",11.3302752293578
"412300010000",2021,9316,1296,14673,15969,14,695,18,18,8,15,81,2,74,73,"UTICA CITY SD",13.4043165467626
"412801040000",2021,846,448,21194,21642,5,67,3,1,9,22,22,4,93,93,"WESTMORELAND CSD",12.6268656716418
"412901040000",2021,567,831,20351,21183,2,58,2,0,10,21,29,7,94,98,"ORISKANY CSD",9.77586206896552
"412902060000",2021,3075,412,17820,18232,6,244,8,6,8,9,31,4,93,94,"WHITESBORO CSD",12.6024590163934
"420101060000",2021,4349,625,16387,17012,8,352,16,2,8,30,22,2,93,94,"WEST GENESEE CSD",12.3551136363636
"420303060000",2021,8041,669,16336,17005,7,617,19,6,8,19,34,3,88,91,"NORTH SYRACUSE CSD",13.032414910859
"260901060000",2021,2070,728,17340,18068,4,179,9,1,11,43,13,1,98,99,"HONEOYE FALLS-LIMA CSD",11.5642458100559
"261001060000",2021,3565,704,18505,19208,6,353,13,4,8,42,32,3,94,96,"SPENCERPORT CSD",10.0991501416431
"220701040000",2021,787,531,19519,20050,4,79,4,0,7,10,38,6,92,90,"THOUSAND ISLANDS CSD",9.9620253164557
"220909040000",2021,492,1016,17358,18373,1,40,1,0,5,25,47,8,78,78,"BELLEVILLE-HENDERSON CSD",12.3
"221001040000",2021,391,1463,17102,18565,1,37,1,0,15,9,24,2,94,94,"SACKETS HARBOR CSD",10.5675675675676
"221301040000",2021,332,1031,18260,19291,1,30,1,0,7,0,47,2,87,90,"LYME CSD",11.0666666666667
"221401040000",2021,489,930,17020,17950,2,43,2,0,5,0,49,9,89,91,"LA FARGEVILLE CSD",11.3720930232558
"222000010000",2021,3895,2046,12642,14689,9,285,15,3,8,16,67,3,77,73,"WATERTOWN CITY SD",13.6666666666667
"222201060000",2021,2814,1396,17922,19318,5,283,9,2,9,19,39,9,81,88,"CARTHAGE CSD",9.9434628975265
"230201040000",2021,465,1537,17109,18646,2,47,1,1,5,33,38,8,97,85,"COPENHAGEN CSD",9.8936170212766
"230301040000",2021,344,690,25142,25832,2,33,1,0,11,22,47,7,87,87,"HARRISVILLE CSD",10.4242424242424
"230901040000",2021,1247,954,16847,17801,3,117,4,0,7,13,37,7,93,95,"LOWVILLE ACADEMY & CSD",10.6581196581197
"231101040000",2021,913,1076,21773,22849,4,94,4,0,3,0,54,7,79,81,"SOUTH LEWIS CSD",9.71276595744681
"231301040000",2021,805,627,16406,17033,3,68,2,1,2,0,39,9,90,92,"BEAVER RIVER CSD",11.8382352941176
"240101040000",2021,944,588,17025,17612,3,97,4,1,5,7,28,3,88,93,"AVON CSD",9.7319587628866
"240201040000",2021,782,637,19368,20005,3,80,3,0,12,20,26,5,81,86,"CALEDONIA-MUMFORD CSD",9.775
"240401040000",2021,828,773,18881,19654,2,94,3,0,11,7,37,2,94,94,"GENESEO CSD",8.80851063829787
"240801060000",2021,1464,710,17275,17986,3,126,6,0,12,20,33,3,89,96,"LIVONIA CSD",11.6190476190476
"240901040000",2021,525,1814,19885,21698,2,58,2,0,10,0,58,0,86,79,"MT MORRIS CSD",9.05172413793103
"241001060000",2021,1345,1105,17808,18912,3,132,7,2,10,16,47,5,82,83,"DANSVILLE CSD",10.1893939393939
"241101040000",2021,605,977,19822,20799,3,68,3,0,7,25,46,4,81,84,"DALTON-NUNDA CSD (KESHEQUA)",8.89705882352941
"241701040000",2021,689,527,18688,19215,2,79,3,1,7,0,41,4,91,95,"YORK CSD",8.72151898734177
"250109040000",2021,202,989,30993,31982,1,23,1,0,0,0,51,8,81,81,"BROOKFIELD CSD",8.78260869565217
"250301040000",2021,340,1886,25383,27269,2,44,2,0,5,0,49,2,81,85,"DERUYTER CSD",7.72727272727273
"250401040000",2021,565,994,23298,24293,2,60,2,1,5,20,44,8,84,86,"MORRISVILLE-EATON CSD",9.41666666666667
"250701040000",2021,565,1255,20621,21876,2,50,3,0,17,18,27,3,81,86,"HAMILTON CSD",11.3
"250901060000",2021,1265,1108,18607,19715,5,103,3,1,7,20,43,5,81,84,"CANASTOTA CSD",12.2815533980583
"251101040000",2021,461,1590,17796,19385,2,44,2,0,5,13,44,6,86,88,"MADISON CSD",10.4772727272727
"251400010000",2021,1830,1219,18897,20116,8,161,6,1,9,25,44,6,82,85,"ONEIDA CITY SD",11.3664596273292
"660303030000",2021,1612,624,28373,28997,3,118,6,0,8,0,3,0,98,98,"BRONXVILLE UFSD",13.6610169491525
"660401030000",2021,2610,613,27234,27847,5,241,6,5,7,18,48,6,92,95,"UFSD-TARRYTOWNS",10.8298755186722
"661901030000",2021,1519,629,24256,24885,4,134,6,0,6,8,14,2,94,97,"RYE NECK UFSD",11.3358208955224
"661904030000",2021,4615,806,18743,19549,6,318,13,5,9,18,68,6,79,78,"PORT CHESTER-RYE UFSD",14.5125786163522
"661905020000",2021,1329,0,22486,22486,3,120,7,1,9,38,0,0,98,98,"BLIND BROOK-RYE UFSD",11.075
"662101060000",2021,2781,418,28669,29087,4,261,12,2,9,24,8,2,96,97,"SOMERS CSD",10.6551724137931
"641001040000",2021,398,1185,21382,22567,2,49,2,0,6,0,47,2,79,76,"HARTFORD CSD",8.12244897959184
"641301060000",2021,2240,376,14887,15263,5,172,6,4,11,21,46,1,85,86,"HUDSON FALLS CSD",13.0232558139535
"641501040000",2021,540,832,19397,20230,2,52,2,1,13,0,49,2,78,83,"SALEM CSD",10.3846153846154
"641610040000",2021,779,901,20571,21472,2,78,2,0,9,0,41,2,90,93,"CAMBRIDGE CSD",9.98717948717949
"641701060000",2021,693,728,21801,22529,2,79,2,2,12,13,53,5,88,90,"WHITEHALL CSD",8.77215189873418
"650101060000",2021,2000,1966,19249,21215,7,208,9,2,13,22,53,2,83,85,"NEWARK CSD",9.61538461538461
"650301040000",2021,730,2090,19949,22039,3,74,2,1,21,32,49,0,73,80,"CLYDE-SAVANNAH CSD",9.86486486486486
"650501040000",2021,871,4029,20153,24181,2,78,3,0,8,15,58,4,84,88,"LYONS CSD",11.1666666666667
"251501040000",2021,385,1080,22135,23215,1,48,1,0,8,8,41,7,88,91,"STOCKBRIDGE VALLEY CSD",8.02083333333333
"251601060000",2021,1895,807,16735,17541,4,162,9,1,5,0,30,5,87,89,"CHITTENANGO CSD",11.6975308641975
"260101060000",2021,3370,437,18941,19378,3,274,14,5,10,27,19,1,95,98,"BRIGHTON CSD",12.2992700729927
"260401060000",2021,3579,972,21708,22681,6,337,13,8,4,9,26,14,86,88,"GATES CHILI CSD",10.620178041543
"261701060000",2021,5318,449,19887,20336,9,487,16,14,8,25,36,6,92,94,"RUSH-HENRIETTA CSD",10.9199178644764
"261801060000",2021,3109,487,19380,19867,5,254,11,4,11,19,38,5,88,91,"BROCKPORT CSD",12.240157480315
"261901060000",2021,8039,599,17881,18481,10,641,21,19,10,27,23,2,93,96,"WEBSTER CSD",12.5413416536661
"262001040000",2021,640,1223,24929,26152,2,76,3,2,9,20,41,5,83,94,"WHEATLAND-CHILI CSD",8.42105263157895
"270100010000",2021,3613,1092,15822,16913,6,235,8,10,11,15,66,2,72,70,"AMSTERDAM CITY SD",15.3744680851064
"270301040000",2021,829,789,21918,22707,2,77,2,2,8,17,50,0,91,92,"CANAJOHARIE CSD",10.7662337662338
"270601040000",2021,1238,920,17144,18064,3,105,3,1,6,0,32,4,96,95,"FONDA-FULTONVILLE CSD",11.7904761904762
"270701040000",2021,699,1349,22450,23799,2,74,3,1,6,0,58,0,85,77,"FORT PLAIN CSD",9.44594594594595
"271201040000",2021,728,1687,16934,18621,1,63,2,2,12,13,51,0,77,75,"OPPENHEIM-EPHRATAH-ST. JOHNSVILLE CS",11.5555555555556
"280100010000",2021,3072,699,23462,24161,6,290,9,4,11,18,56,5,75,77,"GLEN COVE CITY SD",10.5931034482759
"280201030000",2021,6341,1342,20840,22182,10,360,4,12,15,25,75,0,58,64,"HEMPSTEAD UFSD",17.6138888888889
"280202030000",2021,6523,2094,26755,28849,6,557,2,2,7,12,49,0,82,81,"UNIONDALE UFSD",11.7109515260323
"280203030000",2021,7244,427,25323,25750,8,644,18,10,8,5,20,4,95,97,"EAST MEADOW UFSD",11.2484472049689
"280205030000",2021,7086,0,26584,26584,10,621,19,13,8,19,17,4,95,96,"LEVITTOWN UFSD",11.4106280193237
"280206030000",2021,2185,375,26957,27332,4,214,6,1,10,24,8,2,92,94,"SEAFORD UFSD",10.2102803738318
"411504020000",2021,537,1238,22356,23593,2,50,1,0,6,20,34,8,93,90,"NY MILLS UFSD",10.74
"420701060000",2021,1697,733,17572,18305,4,138,5,2,8,10,19,2,94,95,"WESTHILL CSD",12.2971014492754
"420702030000",2021,1397,1266,18197,19463,3,127,6,3,10,21,55,2,88,84,"SOLVAY UFSD",11
"420807040000",2021,796,3212,22804,26016,4,82,3,0,12,18,44,2,89,90,"LAFAYETTE CSD",9.70731707317073
"420901060000",2021,5342,503,16252,16755,8,346,12,7,13,17,25,2,90,91,"BALDWINSVILLE CSD",15.4393063583815
"421001060000",2021,4051,271,18545,18815,6,330,15,1,9,23,13,1,96,97,"FAYETTEVILLE-MANLIUS CSD",12.2757575757576
"421101060000",2021,1441,523,19487,20010,3,138,6,2,7,20,17,3,94,98,"MARCELLUS CSD",10.4420289855072
"421201040000",2021,818,787,18230,19017,3,81,3,2,6,7,40,7,92,97,"ONONDAGA CSD",10.0987654320988
"421501060000",2021,6810,752,18271,19024,15,528,16,1,9,17,34,3,92,93,"LIVERPOOL CSD",12.8977272727273
"500108030000",2021,2219,324,25912,26236,3,187,7,1,10,28,22,2,98,98,"NANUET UFSD",11.8663101604278
"500201060000",2021,7713,954,22739,23693,9,544,19,9,6,7,51,6,89,85,"HAVERSTRAW-STONY POINT CSD (NORTH RO",14.1783088235294
"500301060000",2021,2780,935,28084,29019,4,267,10,4,4,25,13,1,96,95,"SOUTH ORANGETOWN CSD",10.4119850187266
"510101040000",2021,988,1525,18059,19585,5,84,5,0,8,17,53,3,85,94,"BRASHER FALLS CSD",11.7619047619048
"510201060000",2021,1172,1073,19947,21019,3,92,5,1,12,18,40,3,91,95,"CANTON CSD",12.7391304347826
"510401040000",2021,268,1845,27990,29835,1,32,1,1,24,50,64,5,87,91,"CLIFTON-FINE CSD",8.375
"510501040000",2021,374,817,19326,20143,0,34,1,0,9,0,35,3,91,94,"COLTON-PIERREPONT CSD",11
"511101060000",2021,1460,1454,17414,18868,3,122,5,2,11,28,55,6,72,88,"GOUVERNEUR CSD",11.9672131147541
"511201040000",2021,233,741,29048,29788,NA,NA,NA,NA,NA,NA,50,3,96,96,"HAMMOND CSD",NA
"511301040000",2021,416,2431,17265,19695,1,36,2,0,3,20,54,10,71,90,"HERMON-DEKALB CSD",11.5555555555556
"511602040000",2021,583,611,20112,20723,2,48,1,0,11,25,32,6,100,100,"LISBON CSD",12.1458333333333
"511901040000",2021,658,1615,18762,20377,2,55,3,0,2,0,37,3,85,88,"MADRID-WADDINGTON CSD",11.9636363636364
"512001060000",2021,2459,933,16841,17775,7,196,10,0,9,13,54,4,83,87,"MASSENA CSD",12.5459183673469
"512101040000",2021,326,1655,22794,24450,1,36,1,0,18,0,50,6,78,83,"MORRISTOWN CSD",9.05555555555556
"512201040000",2021,939,1172,20212,21383,3,83,2,1,19,33,50,4,88,92,"NORWOOD-NORFOLK CSD",11.3132530120482
"550301060000",2021,938,1162,21206,22368,2,89,2,1,14,17,45,2,94,94,"WATKINS GLEN CSD",10.5393258426966
"560501040000",2021,655,1578,29077,30655,2,78,4,2,7,25,46,6,80,70,"SOUTH SENECA CSD",8.3974358974359
"560603040000",2021,422,1349,21423,22772,1,45,1,1,8,14,46,9,76,86,"ROMULUS CSD",9.37777777777778
"560701060000",2021,1173,634,19189,19823,4,116,3,3,13,10,45,3,90,90,"SENECA FALLS CSD",10.1120689655172
"570101040000",2021,1006,1992,21104,23097,3,94,4,1,2,0,50,5,78,82,"ADDISON CSD",10.7021276595745
"570201040000",2021,363,1381,24381,25761,2,46,2,0,13,33,48,8,91,91,"AVOCA CSD",7.89130434782609
"570302060000",2021,1395,1674,18209,19883,3,124,5,4,7,13,52,4,89,90,"BATH CSD",11.25
"570401040000",2021,229,1295,26699,27994,1,31,1,1,7,8,52,6,85,85,"BRADFORD CSD",7.38709677419355
"570603040000",2021,810,647,20907,21554,2,79,4,2,3,5,46,3,77,80,"CAMPBELL-SAVONA CSD",10.253164556962
"571000010000",2021,4279,741,21012,21753,9,374,19,14,7,8,37,4,83,85,"CORNING CITY SD",11.4411764705882
"571502060000",2021,966,854,20888,21742,2,89,3,2,6,0,57,3,85,90,"CANISTEO-GREENWOOD CSD",10.8539325842697
"571800010000",2021,1515,1726,18716,20441,4,117,8,2,7,17,56,0,82,89,"HORNELL CITY SD",12.9487179487179
"580404030000",2021,4792,574,29747,30321,9,490,22,6,7,26,14,1,95,95,"NORTHPORT-EAST NORTHPORT UFSD",9.77959183673469
"580405060000",2021,7520,397,29043,29440,9,682,25,4,4,8,20,2,94,94,"HALF HOLLOW HILLS CSD",11.0263929618768
"580406060000",2021,2873,479,24232,24711,4,261,9,4,8,26,14,2,97,98,"HARBORFIELDS CSD",11.007662835249
"580410030000",2021,5719,148,28033,28180,8,468,20,9,13,39,11,1,96,97,"COMMACK UFSD",12.2200854700855
"580413030000",2021,5706,517,24563,25081,7,496,11,11,8,24,47,4,90,90,"SOUTH HUNTINGTON UFSD",11.5040322580645
"580501030000",2021,5715,772,23409,24181,7,522,15,7,6,7,48,7,87,86,"BAY SHORE UFSD",10.948275862069
"580502020000",2021,2719,1018,24946,25964,5,259,8,5,5,16,29,4,93,94,"ISLIP UFSD",10.4980694980695
"580503030000",2021,3435,844,28424,29268,6,307,8,7,7,27,19,3,92,94,"EAST ISLIP UFSD",11.1889250814332
"580504030000",2021,2723,431,29136,29568,5,236,7,7,6,15,9,1,97,99,"SAYVILLE UFSD",11.5381355932203
"580509030000",2021,3965,580,25498,26078,7,376,14,7,5,24,14,2,97,98,"WEST ISLIP UFSD",10.5452127659574
"580512030000",2021,17998,1042,18853,19894,17,1193,29,7,7,10,78,7,73,80,"BRENTWOOD UFSD",15.0863369656329
"580513030000",2021,7496,746,23670,24415,8,506,10,11,6,6,72,3,85,83,"CENTRAL ISLIP UFSD",14.8142292490119
"580601040000",2021,2030,520,31026,31546,4,214,6,2,4,19,3,1,95,96,"SHOREHAM-WADING RIVER CSD",9.48598130841122
"580602040000",2021,5424,1132,18597,19730,7,401,11,10,14,30,48,3,83,84,"RIVERHEAD CSD",13.5261845386534
"430501040000",2021,836,749,19070,19819,2,83,4,1,14,37,33,3,92,95,"EAST BLOOMFIELD CSD",10.0722891566265
"660402020000",2021,1726,308,30839,31147,4,121,7,1,14,33,7,1,95,95,"IRVINGTON UFSD",14.2644628099174
"660403030000",2021,1495,467,28027,28494,3,147,1,1,10,35,12,1,98,96,"DOBBS FERRY UFSD",10.1700680272109
"660404030000",2021,1581,217,29174,29391,3,152,8,1,9,36,2,2,98,99,"HASTINGS-ON-HUDSON UFSD",10.4013157894737
"660405030000",2021,2310,264,25682,25946,3,202,7,1,13,41,9,0,98,98,"ARDSLEY UFSD",11.4356435643564
"660406030000",2021,2027,380,26563,26942,3,170,5,0,9,11,0,0,97,99,"EDGEMONT UFSD",11.9235294117647
"660407060000",2021,1650,2228,31608,33836,5,88,4,4,25,15,48,9,90,85,"GREENBURGH CSD",18.75
"580104030000",2021,5560,573,24419,24991,8,481,16,12,8,45,31,4,91,93,"LINDENHURST UFSD",11.5592515592516
"580105030000",2021,4772,620,17973,18593,6,292,16,6,15,39,52,0,84,87,"COPIAGUE UFSD",16.3424657534247
"662401060000",2021,5521,469,25150,25619,8,467,18,10,8,13,20,4,94,95,"LAKELAND CSD",11.8222698072805
"591502040000",2021,1029,1186,24972,26158,2,91,4,3,14,30,33,3,83,88,"SULLIVAN WEST CSD",11.3076923076923
"600101060000",2021,1490,1513,15736,17249,4,118,4,0,8,18,44,0,78,84,"WAVERLY CSD",12.6271186440678
"600301040000",2021,732,912,20012,20924,2,72,2,1,11,33,51,4,68,67,"CANDOR CSD",10.1666666666667
"600402040000",2021,1049,1045,18155,19200,3,103,3,2,8,7,43,6,87,89,"NEWARK VALLEY CSD",10.1844660194175
"600601060000",2021,1885,678,18451,19128,2,153,5,0,6,6,39,4,89,95,"OWEGO-APALACHIN CSD",12.3202614379085
"621201060000",2021,1187,1550,37107,38658,6,132,5,5,8,0,44,3,89,86,"ONTEORA CSD",8.99242424242424
"621601060000",2021,2334,707,21572,22280,6,186,6,3,11,30,37,6,87,87,"SAUGERTIES CSD",12.5483870967742
"621801060000",2021,2786,634,22265,22899,5,241,7,5,6,29,27,4,91,89,"WALLKILL CSD",11.5601659751037
"622002060000",2021,1490,1268,24760,26027,3,112,5,1,12,39,57,0,81,80,"ELLENVILLE CSD",13.3035714285714
"631201040000",2021,650,1100,24456,25556,2,78,3,2,9,15,51,4,77,84,"WARRENSBURG CSD",8.33333333333333
"640101040000",2021,448,861,21440,22300,2,52,1,1,9,0,38,5,94,94,"ARGYLE CSD",8.61538461538461
"640502040000",2021,421,745,25611,26356,2,42,2,0,5,11,43,5,80,89,"FORT ANN CSD",10.0238095238095
"640601020000",2021,401,1661,19335,20996,2,36,2,0,30,63,47,0,83,72,"FORT EDWARD UFSD",11.1388888888889
"640701040000",2021,1028,903,17267,18170,2,93,5,2,26,48,41,0,82,87,"GRANVILLE CSD",11.0537634408602
"640801040000",2021,921,624,18233,18856,2,81,3,0,9,17,28,2,91,93,"GREENWICH CSD",11.3703703703704
"580106030000",2021,2983,1079,25880,26959,5,242,8,4,11,27,68,6,73,73,"AMITYVILLE UFSD",12.3264462809917
"580107030000",2021,3848,524,24823,25346,5,359,10,6,9,16,38,5,87,91,"DEER PARK UFSD",10.7186629526462
"591302040000",2021,425,2151,24052,26203,2,48,2,0,13,29,40,0,75,75,"LIVINGSTON MANOR CSD",8.85416666666667
"591401060000",2021,2778,1200,26639,27840,5,270,11,11,9,18,64,3,83,81,"MONTICELLO CSD",10.2888888888889
"580109020000",2021,2712,970,18491,19461,4,184,5,3,4,10,80,0,53,59,"WYANDANCH UFSD",14.7391304347826
"580201060000",2021,5602,291,33123,33414,9,542,20,11,8,18,12,1,95,96,"THREE VILLAGE CSD",10.3357933579336
"580203020000",2021,3532,584,22821,23405,6,257,7,2,11,8,23,3,86,84,"BROOKHAVEN-COMSEWOGUE UFSD",13.7431906614786
"580205060000",2021,11987,407,21939,22346,15,980,29,16,4,11,22,2,92,92,"SACHEM CSD",12.2316326530612
"580206020000",2021,962,517,39298,39815,4,106,4,1,16,0,11,1,96,97,"PORT JEFFERSON UFSD",9.07547169811321
"580207020000",2021,2089,994,23569,24562,3,193,7,4,7,29,9,0,96,97,"MT SINAI UFSD",10.8238341968912
"580208020000",2021,2382,394,26919,27312,4,237,8,0,9,12,12,2,92,96,"MILLER PLACE UFSD",10.0506329113924
"580209020000",2021,2792,476,24946,25422,4,232,11,4,6,31,28,4,94,93,"ROCKY POINT UFSD",12.0344827586207
"580211060000",2021,9195,268,23242,23511,12,659,17,10,7,18,20,2,92,93,"MIDDLE COUNTRY CSD",13.9529590288316
"662402060000",2021,3381,171,24937,25108,5,306,11,6,6,9,11,1,96,96,"YORKTOWN CSD",11.0490196078431
"670201060000",2021,1169,137,21584,21721,4,128,3,1,5,8,32,7,89,92,"ATTICA CSD",9.1328125
"670401040000",2021,898,742,16840,17582,3,102,3,1,9,0,38,2,87,90,"LETCHWORTH CSD",8.80392156862745
"580224030000",2021,7148,815,23041,23856,11,584,16,15,8,16,48,8,89,90,"PATCHOGUE-MEDFORD UFSD",12.2397260273973
"580232030000",2021,8803,807,19701,20508,10,665,21,16,9,22,58,2,83,80,"WILLIAM FLOYD UFSD",13.2375939849624
"580233020000",2021,1501,939,23956,24896,1,116,4,1,10,44,25,3,92,93,"CENTER MORICHES UFSD",12.9396551724138
"580235060000",2021,4075,622,26815,27437,7,353,12,14,12,20,51,5,82,81,"SOUTH COUNTRY CSD",11.5439093484419
"580301020000",2021,1832,265,31837,32102,3,177,8,5,10,10,22,2,88,90,"EAST HAMPTON UFSD",10.3502824858757
"442115020000",2021,760,492,24480,24972,2,76,3,0,11,40,24,0,90,92,"FLORIDA UFSD",10
"450101060000",2021,1783,1028,14954,15982,2,133,7,0,9,10,54,5,81,94,"ALBION CSD",13.406015037594
"450607040000",2021,701,994,17461,18456,3,71,3,0,7,8,44,6,84,98,"KENDALL CSD",9.87323943661972
"450704040000",2021,961,1721,18757,20478,2,88,3,3,10,12,48,5,82,90,"HOLLEY CSD",10.9204545454545
"450801060000",2021,1414,460,20455,20915,3,138,8,0,8,12,54,1,90,94,"MEDINA CSD",10.2463768115942
"451001040000",2021,626,1840,19377,21217,2,41,3,0,33,58,21,7,88,92,"LYNDONVILLE CSD",15.2682926829268
"460102040000",2021,1070,1269,22606,23875,2,87,4,2,10,15,56,3,73,82,"ALTMAR-PARISH-WILLIAMSTOWN CSD",12.2988505747126
"460500010000",2021,3144,1412,19333,20745,6,229,9,6,18,26,52,0,83,87,"FULTON CITY SD",13.7292576419214
"671201060000",2021,793,821,17280,18101,2,90,3,2,13,5,40,7,90,96,"PERRY CSD",8.81111111111111
"671501040000",2021,831,1236,17999,19234,3,98,3,1,16,41,45,4,87,89,"WARSAW CSD",8.47959183673469
"680601060000",2021,1308,1709,20963,22672,3,152,7,3,7,15,50,1,87,94,"PENN YAN CSD",8.60526315789474
"680801040000",2021,591,3218,21235,24453,2,74,3,0,6,6,56,0,80,81,"DUNDEE CSD",7.98648648648649
"520101060000",2021,3035,556,17713,18269,5,270,6,6,8,15,14,2,96,96,"BURNT HILLS-BALLSTON LAKE CSD",11.2407407407407
"520302060000",2021,9409,317,15706,16023,12,701,32,2,9,26,16,2,93,96,"SHENENDEHOWA CSD",13.4222539229672
"520401040000",2021,1069,1013,15166,16179,3,89,4,2,20,35,40,6,78,88,"CORINTH CSD",12.0112359550562
"500101060000",2021,7692,451,23562,24013,15,693,21,1,6,17,16,2,94,96,"CLARKSTOWN CSD",11.0995670995671
"512300010000",2021,1495,1513,22472,23985,5,121,5,0,7,29,50,5,82,88,"OGDENSBURG CITY SD",12.3553719008264
"512404040000",2021,524,2389,20421,22810,2,45,2,0,7,14,38,4,87,87,"HEUVELTON CSD",11.6444444444444
"512501040000",2021,354,1172,25722,26894,2,38,1,1,10,13,38,6,95,97,"PARISHVILLE-HOPKINTON CSD",9.31578947368421
"513102040000",2021,487,1462,20721,22183,2,51,3,0,13,11,51,3,76,86,"EDWARDS-KNOX CSD",9.54901960784314
"521200050000",2021,1342,546,13904,14450,2,95,1,1,17,33,39,3,81,90,"MECHANICVILLE CITY SD",14.1263157894737
"521301060000",2021,4020,433,17555,17988,6,337,15,8,8,39,31,2,87,90,"BALLSTON SPA CSD",11.9287833827893
"521401040000",2021,2852,698,15760,16459,6,237,7,7,7,23,31,3,85,89,"SOUTH GLENS FALLS CSD",12.0337552742616
"521701040000",2021,1431,446,20494,20940,3,130,6,0,6,0,26,4,91,91,"SCHUYLERVILLE CSD",11.0076923076923
"540801040000",2021,294,1921,26781,28702,1,31,0,0,12,0,34,4,95,91,"GILBOA-CONESVILLE CSD",9.48387096774194
"540901040000",2021,179,2004,25611,27614,1,24,0,0,26,17,44,2,83,83,"JEFFERSON CSD",7.45833333333333
"541001040000",2021,641,567,26376,26943,2,68,3,0,11,7,49,4,91,95,"MIDDLEBURGH CSD",9.42647058823529
"541102060000",2021,1603,937,19674,20611,4,149,11,0,14,26,43,4,85,89,"COBLESKILL-RICHMONDVILLE CSD",10.758389261745
"541201040000",2021,844,829,20184,21013,2,68,4,1,19,33,44,4,85,87,"SCHOHARIE CSD",12.4117647058824
"550101040000",2021,754,2214,16404,18618,3,66,4,2,9,30,50,4,87,79,"ODESSA-MONTOUR CSD",11.4242424242424
"571901040000",2021,460,967,19189,20156,2,40,1,0,16,30,35,7,97,100,"ARKPORT CSD",11.5
"572301040000",2021,359,1374,15459,16834,2,35,1,0,0,0,37,3,86,91,"PRATTSBURGH CSD",10.2571428571429
"572702040000",2021,362,3391,27306,30698,3,51,1,0,17,20,41,4,92,97,"JASPER-TROUPSBURG CSD",7.09803921568627
"572901040000",2021,388,1044,27313,28357,2,51,1,0,9,33,41,4,97,100,"HAMMONDSPORT CSD",7.6078431372549
"573002040000",2021,1222,718,19244,19962,5,134,6,5,7,15,48,6,86,90,"WAYLAND-COHOCTON CSD",9.11940298507463
"580101030000",2021,1525,573,29709,30282,3,146,5,2,4,0,14,2,91,94,"BABYLON UFSD",10.4452054794521
"580402060000",2021,1585,358,35156,35514,4,152,6,2,10,50,5,0,98,97,"COLD SPRING HARBOR CSD",10.4276315789474
"580403030000",2021,4236,778,25396,26174,8,382,11,5,10,29,53,5,88,90,"HUNTINGTON UFSD",11.0890052356021
"580505020000",2021,1995,401,31461,31862,5,232,6,3,8,60,14,1,96,97,"BAYPORT-BLUE POINT UFSD",8.59913793103448
"580506030000",2021,3237,612,29376,29988,5,290,9,4,9,38,14,1,95,96,"HAUPPAUGE UFSD",11.1620689655172
"580507060000",2021,5278,573,29244,29817,11,552,15,9,7,24,22,3,96,96,"CONNETQUOT CSD",9.56159420289855
"430700010000",2021,2033,1934,19104,21038,4,223,7,4,16,24,60,3,77,80,"GENEVA CITY SD",9.11659192825112
"430901060000",2021,1097,1228,20406,21633,4,98,6,3,22,20,41,10,86,93,"GORHAM-MIDDLESEX CSD (MARCUS WHITMAN",11.1938775510204
"431101040000",2021,783,879,18356,19235,3,73,4,0,10,24,50,5,76,84,"MANCHESTER-SHORTSVILLE CSD (RED JACK",10.7260273972603
"431201040000",2021,624,778,24258,25036,2,76,2,0,11,20,44,3,81,88,"NAPLES CSD",8.21052631578947
"431301060000",2021,1502,500,18863,19363,2,144,5,3,4,13,38,5,86,88,"PHELPS-CLIFTON SPRINGS CSD",10.4305555555556
"431401040000",2021,583,654,22163,22816,2,72,2,0,9,27,33,4,85,91,"HONEOYE CSD",8.09722222222222
"431701060000",2021,4275,373,13857,14230,7,364,15,2,9,24,23,1,96,96,"VICTOR CSD",11.7445054945055
"440102060000",2021,3724,447,21351,21797,5,308,11,4,13,22,26,4,93,93,"WASHINGTONVILLE CSD",12.0909090909091
"440201020000",2021,951,217,23830,24048,2,81,4,1,11,25,29,5,87,85,"CHESTER UFSD",11.7407407407407
"440301060000",2021,3005,237,19960,20197,7,240,9,5,7,19,19,3,94,96,"CORNWALL CSD",12.5208333333333
"440401060000",2021,4817,0,20807,20807,7,329,12,8,7,14,43,9,90,92,"PINE BUSH CSD",14.6413373860182
"440601040000",2021,2823,626,21123,21749,5,248,10,3,8,24,24,3,90,93,"GOSHEN CSD",11.383064516129
"440901040000",2021,940,505,28328,28833,3,97,5,1,5,6,35,5,84,81,"HIGHLAND FALLS CSD",9.69072164948454
"441000010000",2021,7235,1038,19858,20896,6,638,17,4,8,17,71,4,81,82,"MIDDLETOWN CITY SD",11.3401253918495
"441101040000",2021,3391,489,19566,20055,5,272,9,5,6,20,24,5,90,92,"MINISINK VALLEY CSD",12.4669117647059
"441201060000",2021,6658,824,21785,22609,7,501,15,6,7,11,30,4,94,95,"MONROE-WOODBURY CSD",13.2894211576846
"441301060000",2021,4025,704,21887,22591,7,362,11,4,7,18,31,5,90,91,"VALLEY CSD (MONTGOMERY)",11.1187845303867
"441600010000",2021,10927,1237,20502,21739,13,918,26,14,9,16,60,1,74,77,"NEWBURGH CITY SD",11.9030501089325
"441800050000",2021,2393,1408,23491,24899,4,227,9,4,8,3,56,1,82,79,"PORT JERVIS CITY SD",10.5418502202643
"441903020000",2021,237,214,50487,50701,3,35,1,0,16,14,26,4,90,86,"TUXEDO UFSD",6.77142857142857
"442101060000",2021,3578,427,20163,20589,4,268,12,0,6,11,16,2,92,89,"WARWICK VALLEY CSD",13.3507462686567
"630101040000",2021,179,474,41944,42419,NA,NA,NA,NA,NA,NA,22,5,94,94,"BOLTON CSD",NA
"630202040000",2021,475,983,22793,23777,2,57,2,1,4,0,41,0,79,88,"NORTH WARREN CSD",8.33333333333333
"630300010000",2021,1956,747,17655,18402,5,173,6,7,6,0,45,1,78,80,"GLENS FALLS CITY SD",11.3063583815029
"630601040000",2021,302,773,27982,28756,1,35,1,0,6,0,41,0,89,89,"JOHNSBURG CSD",8.62857142857143
"630701040000",2021,699,897,28634,29530,2,87,3,2,6,0,18,1,93,93,"LAKE GEORGE CSD",8.03448275862069
"630801040000",2021,635,1149,27313,28463,2,80,3,2,8,10,50,4,82,86,"HADLEY-LUZERNE CSD",7.9375
"630902030000",2021,3054,480,18645,19125,4,236,8,2,7,24,33,2,89,90,"QUEENSBURY UFSD",12.9406779661017
"580805060000",2021,2799,665,27747,28411,5,266,7,3,7,34,10,1,97,95,"KINGS PARK CSD",10.5225563909774
"580902020000",2021,1827,481,26050,26530,3,183,7,3,5,21,30,3,92,92,"WESTHAMPTON BEACH UFSD",9.98360655737705
"580905020000",2021,2039,693,22165,22858,3,173,5,3,5,13,54,7,94,93,"HAMPTON BAYS UFSD",11.7861271676301
"581005020000",2021,757,665,35139,35804,2,81,2,2,1,11,31,3,84,81,"SOUTHOLD UFSD",9.34567901234568
"590501060000",2021,1469,2233,21072,23306,3,127,4,5,9,12,70,0,64,69,"FALLSBURG CSD",11.5669291338583
"590801040000",2021,468,1354,29033,30387,2,41,1,0,9,17,37,3,88,81,"ELDRED CSD",11.4146341463415
"590901060000",2021,1748,442,16692,17134,3,149,7,4,10,16,61,3,75,78,"LIBERTY CSD",11.7315436241611
"591201040000",2021,917,778,29059,29837,2,100,3,2,9,14,43,6,76,82,"TRI-VALLEY CSD",9.17
"591301040000",2021,234,6148,27323,33471,1,26,1,1,15,0,43,1,94,94,"ROSCOE CSD",9
"600801040000",2021,801,787,22084,22870,4,85,3,2,15,23,51,8,81,87,"SPENCER-VAN ETTEN CSD",9.42352941176471
"600903040000",2021,902,957,14808,15765,3,76,0,0,13,18,51,5,92,92,"TIOGA CSD",11.8684210526316
"610301060000",2021,1364,740,22849,23588,4,165,5,4,8,10,46,5,81,87,"DRYDEN CSD",8.26666666666667
"610327020000",2021,156,6807,57217,64025,1,38,1,0,18,27,83,0,18,18,"GEORGE JUNIOR REPUBLIC UFSD",4.10526315789474
"610501040000",2021,811,839,19545,20384,3,66,2,1,20,9,40,3,82,88,"GROTON CSD",12.2878787878788
"610600010000",2021,4928,835,21283,22118,12,506,11,16,10,17,31,4,89,81,"ITHACA CITY SD",9.73913043478261
"620803040000",2021,1575,922,22288,23209,4,145,6,2,8,15,33,4,87,88,"HIGHLAND CSD",10.8620689655172
"620901060000",2021,1739,942,28511,29453,4,176,8,0,8,6,40,5,82,87,"RONDOUT VALLEY CSD",9.88068181818182
"621001060000",2021,1809,1532,22226,23758,3,158,5,1,8,26,35,4,90,87,"MARLBORO CSD",11.4493670886076
"621101060000",2021,1898,457,26894,27351,4,192,5,4,6,0,23,3,94,94,"NEW PALTZ CSD",9.88541666666667
"662200010000",2021,6938,673,27718,28391,6,583,18,12,7,10,49,5,90,87,"WHITE PLAINS CITY SD",11.9005145797599
"662300010000",2021,25005,1178,18114,19293,38,1429,31,15,6,4,75,4,88,85,"YONKERS CITY SD",17.4982505248425
"580212060000",2021,8851,611,22622,23233,7,650,23,7,9,31,43,1,87,86,"LONGWOOD CSD",13.6169230769231
"491302060000",2021,2617,361,18676,19037,4,191,8,1,9,25,19,2,94,96,"AVERILL PARK CSD",13.7015706806283
"491401040000",2021,881,728,19043,19771,0,94,3,1,11,0,33,2,91,90,"HOOSIC VALLEY CSD",9.37234042553191
"491700010000",2021,3610,1474,19751,21226,7,329,15,10,18,25,70,1,86,88,"TROY CITY SD",10.9726443768997
"521800010000",2021,6009,620,17153,17773,9,520,14,8,9,33,22,1,92,95,"SARATOGA SPRINGS CITY SD",11.5557692307692
"522001040000",2021,1057,652,17592,18244,3,104,4,2,8,0,26,3,86,89,"STILLWATER CSD",10.1634615384615
"522101030000",2021,735,757,20017,20774,2,70,2,2,11,0,36,5,86,92,"WATERFORD-HALFMOON UFSD",10.5
"530101040000",2021,648,661,17706,18367,2,56,2,2,18,13,19,2,91,91,"DUANESBURG CSD",11.5714285714286
"530202060000",2021,2286,604,20025,20629,6,182,7,6,19,13,25,4,90,91,"SCOTIA-GLENVILLE CSD",12.5604395604396
"530301060000",2021,4204,181,15902,16083,8,318,10,9,11,30,19,1,94,96,"NISKAYUNA CSD",13.2201257861635
"530501060000",2021,1746,0,20403,20403,3,156,5,5,8,23,23,3,91,91,"SCHALMONT CSD",11.1923076923077
"530515060000",2021,2727,849,14920,15769,4,201,10,4,11,29,36,5,85,88,"ROTTERDAM-MOHONASEN CSD",13.5671641791045
"530600010000",2021,9080,1196,16987,18183,19,686,29,38,12,22,70,0,62,65,"SCHENECTADY CITY SD",13.2361516034985
"580102030000",2021,3634,498,24814,25312,2,339,10,4,9,45,33,5,90,89,"WEST BABYLON UFSD",10.7197640117994
"580103030000",2021,4488,0,27330,27330,7,378,11,6,4,11,40,6,87,87,"NORTH BABYLON UFSD",11.8730158730159
"580906030000",2021,1435,0,40498,40498,3,176,11,2,14,24,46,5,77,85,"SOUTHAMPTON UFSD",8.15340909090909
"580909020000",2021,214,0,69526,69526,1,57,2,0,0,0,53,0,50,100,"BRIDGEHAMPTON UFSD",3.75438596491228
"580912060000",2021,3077,1190,23903,25093,5,229,7,4,8,32,19,1,94,93,"EASTPORT-SOUTH MANOR CSD",13.4366812227074
"580305020000",2021,964,372,37554,37925,2,118,4,2,14,11,21,0,93,93,"SAG HARBOR UFSD",8.16949152542373
"580401020000",2021,1991,666,25185,25851,4,175,6,3,9,55,19,3,96,96,"ELWOOD UFSD",11.3771428571429
"580701020000",2021,215,993,46878,47871,1,36,1,1,11,43,33,5,90,90,"SHELTER ISLAND UFSD",5.97222222222222
"580801060000",2021,8116,380,25714,26094,12,672,27,16,9,38,8,1,94,96,"SMITHTOWN CSD",12.077380952381
"660409020000",2021,983,804,28753,29556,3,93,2,1,13,36,43,3,93,94,"ELMSFORD UFSD",10.5698924731183
"660410020000",2021,67,10165,280467,290632,2,26,6,2,27,0,57,0,73,64,"GREENBURGH-GRAHAM UFSD",2.57692307692308
"660412020000",2021,386,327,70933,71261,4,75,4,7,14,21,17,1,14,14,"GREENBURGH-NORTH CASTLE UFSD",5.14666666666667
"660501060000",2021,3606,405,30021,30426,6,348,10,0,7,14,17,1,96,97,"HARRISON CSD",10.3620689655172
"660701030000",2021,5465,390,23000,23390,6,440,16,5,12,36,16,1,92,91,"MAMARONECK UFSD",12.4204545454545
"660801060000",2021,1897,469,27575,28044,4,179,7,1,11,40,11,1,91,96,"MT PLEASANT CSD",10.5977653631285
"660803020000",2021,186,2568,85910,88478,4,32,3,2,9,50,56,0,33,0,"HAWTHORNE-CEDAR KNOLLS UFSD",5.8125
"660805030000",2021,1377,428,31662,32090,4,144,5,1,2,0,12,1,94,94,"VALHALLA UFSD",9.5625
"660809030000",2021,1635,312,26181,26493,3,148,6,0,10,9,12,0,96,97,"PLEASANTVILLE UFSD",11.0472972972973
"660900010000",2021,7232,1071,27331,28402,14,591,24,14,13,15,79,0,77,73,"MT VERNON SCHOOL DISTRICT",12.2368866328257
"661004060000",2021,3553,254,30722,30976,6,329,15,2,15,36,5,0,98,98,"CHAPPAQUA CSD",10.7993920972644
"661100010000",2021,10160,530,24110,24640,8,725,28,23,9,17,49,4,84,83,"NEW ROCHELLE CITY SD",14.0137931034483
"661201060000",2021,2261,258,36325,36583,4,238,9,0,7,24,4,0,99,100,"BYRAM HILLS CSD",9.5
"661301040000",2021,1012,356,37658,38015,2,118,4,0,6,50,14,2,99,96,"NORTH SALEM CSD",8.57627118644068
"661401030000",2021,4931,515,22548,23064,6,398,9,7,10,20,49,7,84,90,"OSSINING UFSD",12.3894472361809
"661402020000",2021,1351,220,32296,32516,3,132,6,1,4,29,3,0,99,99,"BRIARCLIFF MANOR UFSD",10.2348484848485
"661500010000",2021,3395,965,23475,24440,5,284,10,6,8,15,68,0,74,72,"PEEKSKILL CITY SD",11.9542253521127
"661601030000",2021,2792,288,24014,24302,6,231,9,1,9,58,10,1,96,96,"PELHAM UFSD",12.0865800865801
"661800010000",2021,3067,280,27672,27952,7,291,11,2,6,13,1,0,96,97,"RYE CITY SD",10.5395189003436
"650701040000",2021,610,1268,23972,25240,3,67,3,0,9,11,37,8,87,92,"MARION CSD",9.1044776119403
"650801060000",2021,2035,494,18526,19020,4,201,9,1,7,15,29,4,93,96,"WAYNE CSD",10.1243781094527
"650901060000",2021,1799,1341,18052,19393,4,167,8,0,6,13,38,4,88,86,"PALMYRA-MACEDON CSD",10.7724550898204
"650902040000",2021,887,552,18811,19363,3,98,4,1,17,41,27,5,92,94,"GANANDA CSD",9.05102040816327
"651201060000",2021,998,1951,23487,25438,3,114,2,2,12,29,60,8,87,86,"SODUS CSD",8.75438596491228
"651402040000",2021,1043,700,18356,19055,3,96,4,2,13,20,41,6,90,90,"WILLIAMSON CSD",10.8645833333333
"651501060000",2021,1094,3519,22837,26356,4,123,4,1,16,22,51,4,81,84,"NORTH ROSE-WOLCOTT CSD",8.89430894308943
"651503040000",2021,822,1659,19429,21088,2,87,3,0,7,6,44,4,84,93,"RED CREEK CSD",9.44827586206897
"660101030000",2021,2896,347,32575,32922,5,257,10,5,10,30,7,0,97,99,"KATONAH-LEWISBORO UFSD",11.2684824902724
"660102060000",2021,3786,694,31361,32055,7,329,12,4,12,25,27,10,84,87,"BEDFORD CSD",11.5075987841945
"660202030000",2021,1524,394,24904,25298,4,145,6,0,5,14,12,1,97,97,"CROTON-HARMON UFSD",10.5103448275862
"660203060000",2021,2211,0,30265,30265,5,234,9,7,6,4,22,5,90,93,"HENDRICK HUDSON CSD",9.44871794871795
"660301030000",2021,3178,260,23550,23810,5,262,10,0,10,22,1,0,97,98,"EASTCHESTER UFSD",12.1297709923664
"660302030000",2021,1138,389,25037,25426,2,104,4,0,11,14,15,1,100,100,"TUCKAHOE UFSD",10.9423076923077
